<?xml version="1.0"?>
<doc>
    <assembly>
        <name>PlanesFamiliares.Bussiness</name>
    </assembly>
    <members>
        <member name="T:Bussiness.Controllers.BussinessController">
            <summary>
            Controlador Bussiness
            </summary>
        </member>
        <member name="M:Bussiness.Controllers.BussinessController.#ctor(Bussiness.Repositories.IBussinessRepository,Microsoft.Extensions.Caching.Memory.IMemoryCache)">
            <summary>
            Clase constructora.
            </summary>
            <param name="bussinessRepository"></param>
            <param name="cache"></param>
        </member>
        <member name="M:Bussiness.Controllers.BussinessController.DemoServicio(System.String,System.String,System.String)">
            <summary>
            
            </summary>
            <param name="NumeroCelular"></param>
            <param name="orderTypeParam"></param>
            <param name="statusBussinesParam"></param>
            <returns></returns>
        </member>
        <member name="M:Bussiness.Controllers.BussinessController.CrearParametrosOfuscados(System.String)">
            <summary>
            
            </summary>
            <param name="NumeroCelular"></param>
            <returns></returns>
        </member>
        <member name="M:Bussiness.Controllers.BussinessController.ObtenerParametrosDesofuscados(System.String)">
            <summary>
            Desofusca la información enviada a la URL
            </summary>
            <param name="data"></param>
            <returns></returns>
        </member>
        <member name="M:Bussiness.Controllers.BussinessController.AgregarLiderComunidadFunction(System.String,System.String)">
            <summary>
            Se crea una comunidad y se agrega al Lider.
            </summary>
            <param name="sesion"></param>
            <param name="nombreLineaLider"></param>
            <returns></returns>
        </member>
        <member name="M:Bussiness.Controllers.BussinessController.InformacionPantallaError(System.String)">
            <summary>
            Se retorna la información que debe mostrar la ventana de error
            </summary>
            <param name="sesion"></param>
            <returns></returns>
        </member>
        <member name="M:Bussiness.Controllers.BussinessController.LeerCelularParametro(System.String)">
            <summary>
            
            </summary>
            <param name="sesion"></param>
            <returns></returns>
        </member>
        <member name="M:Bussiness.Controllers.BussinessController.GuardarNombreLider(System.String,System.String)">
            <summary>
            Guarda en cache el nombre del lider
            </summary>
            <param name="sesion"></param>
            <param name="NombreLider"></param>
        </member>
        <member name="M:Bussiness.Controllers.BussinessController.LeerNombreLider(System.String)">
            <summary>
            Lee el nombre del lider en cache
            </summary>
            <param name="sesion"></param>
            <returns></returns>
        </member>
        <member name="M:Bussiness.Controllers.BussinessController.GuardarDatosIntegrante(System.String,System.String,System.String)">
            <summary>
            Guarda en cache los datos del Lider
            </summary>
            <param name="sesion"></param>
            <param name="NombreIntegrante"></param>
            <param name="CelularIntegrante"></param>
        </member>
        <member name="M:Bussiness.Controllers.BussinessController.LeerDatosIntegrante(System.String)">
            <summary>
            Lee el nombre del lider en cache
            </summary>
            <param name="sesion"></param>
            <returns></returns>
        </member>
        <member name="M:Bussiness.Controllers.BussinessController.GenerarCodigoVerificacion(System.String)">
            <summary>
            Genera un código aleatorio para realizar una posterior verificación
            </summary>
            <param name="sesion"></param>
            <returns></returns>
        </member>
        <member name="M:Bussiness.Controllers.BussinessController.ValidarCodigoVerificacion(System.String,System.String)">
            <summary>
            Verifica Token  para insercion de miembro a la comunidad
            </summary>
            <param name="sesion"></param>
            <param name="Codigo"></param>
            <returns></returns>
        </member>
        <member name="M:Bussiness.Controllers.BussinessController.ConsultarVariableSesPospago">
            <summary>
            Carga las variables de sesion en cache
            </summary>
        </member>
        <member name="M:Bussiness.Controllers.BussinessController.LeerDatosComunidad(System.String)">
            <summary>
            Lee la información de los integrantes de la comunidad
            </summary>
            <param name="sesion"></param>
            <returns></returns>
        </member>
        <member name="M:Bussiness.Controllers.BussinessController.ResumenComunidad(System.String)">
            <summary>
            Obtiene los datos a mostrar en la pantalla de Resumen
            </summary>
            <param name="sesion"></param>
            <returns></returns>
        </member>
        <member name="M:Bussiness.Controllers.BussinessController.DireccionarIngreso(System.String)">
            <summary>
            
            </summary>
            <param name="NumeroCelularPadre"></param>
            <returns></returns>
        </member>
        <member name="M:Bussiness.Controllers.BussinessController.ValidacionesIniciales(System.String)">
            <summary>
            Validaciones que se realizan despues de desofucar el parámetro de entrada y antes de iniciar el flujo.
            </summary>
            <param name="sesion"></param>
            <returns></returns>
        </member>
        <member name="M:Bussiness.Controllers.BussinessController.ValidacionesIntegrantesComunidad(System.String)">
            <summary>
            Realiza las validaciones correspondientes a una línea
            </summary>
            <param name="sesion"></param>
            <returns></returns>
        </member>
        <member name="M:Bussiness.Controllers.BussinessController.LeerVariableSesion(System.String)">
            <summary>
            Lee el estado de una variable de session 
            </summary>
            <param name="cacheKey"></param>
            <returns></returns>
        </member>
        <member name="M:Bussiness.Controllers.BussinessController.ConsultarCapacidad(System.String)">
            <summary>
            Se consulta la capacidad de una línea determinada.
            </summary>
            <param name="sesion"></param>
            <returns></returns>
        </member>
        <member name="M:Bussiness.Controllers.BussinessController.LeerMensajesPantallaExito">
            <summary>
            Lee de cache los mensajes de texto para las pantallas de exito al agregar comunidad y al agregar integrante
            </summary>
            <returns></returns>
        </member>
        <member name="M:Bussiness.Controllers.BussinessController.CompartirDatos(System.String,System.String,System.String,System.String)">
            <summary>
            Se encarga de realizar la comparticion de datos
            </summary>
            <param name="celularOrigen"></param>
            <param name="celularDestino"></param>
            <param name="gb"></param>
            <param name="cicloPadre"></param>
            <returns></returns>
        </member>
        <member name="T:Bussiness.Entities.Appsettings">
            <summary>
            Clase para manejar la configuración de la aplicación.
            </summary>
        </member>
        <member name="T:Bussiness.Entities.Appsettings.Constantes">
            <summary>
            Manejo de constantes de la aplicación.
            </summary>
        </member>
        <member name="P:Bussiness.Entities.Appsettings.Constantes.Novum_Key">
            <summary>
            
            </summary>
        </member>
        <member name="P:Bussiness.Entities.Appsettings.Constantes.Novum_IV">
            <summary>
            
            </summary>
        </member>
        <member name="T:Bussiness.Entities.Appsettings.Uris">
            <summary>
            Manejo de las URL de los servicios
            </summary>
        </member>
        <member name="P:Bussiness.Entities.Appsettings.Uris.Servicios_URI">
            <summary>
            URL de la API de Servicios
            </summary>
        </member>
        <member name="P:Bussiness.Entities.Appsettings.Uris.DataModel_URI">
            <summary>
            URL de la API de Datos
            </summary>
        </member>
        <member name="T:Bussiness.Program">
            <summary>
            Inicio de la aplicación.
            </summary>
        </member>
        <member name="M:Bussiness.Program.Main(System.String[])">
            <summary>
            Método inicial de la aplicación.
            </summary>
            <param name="args"></param>
        </member>
        <member name="M:Bussiness.Program.BuildWebHost(System.String[])">
            <summary>
            Método para iniciar el host de la aplicación.
            </summary>
            <param name="args"></param>
            <returns></returns>
        </member>
        <member name="T:Bussiness.Repositories.BussinessRepository">
            <summary>
            Respositorio para Bussiness
            </summary>
        </member>
        <member name="M:Bussiness.Repositories.BussinessRepository.#ctor(Microsoft.Extensions.Logging.ILogger{Bussiness.Repositories.BussinessRepository},Microsoft.Extensions.Options.IOptions{Bussiness.Entities.Appsettings.Uris},Microsoft.Extensions.Options.IOptions{Bussiness.Entities.Appsettings.Constantes},Microsoft.Extensions.Caching.Memory.IMemoryCache)">
            <summary>
            Método Constructor
            </summary>
            <param name="logger"></param>
            <param name="uris"></param>
            <param name="constantes"></param>
            <param name="cache"></param>
        </member>
        <member name="M:Bussiness.Repositories.BussinessRepository.DemoBussiness(System.String,System.String,System.String)">
            <summary>
            
            </summary>
            <param name="NumeroCelular"></param>
            <param name="orderTypeParam"></param>
            <param name="statusBussinesParam"></param>
            <returns></returns>
        </member>
        <member name="M:Bussiness.Repositories.BussinessRepository.DireccionarIngreso(System.String)">
            <summary>
            Determina que comportamientro tendrá la aplicación al iniciar.
            </summary>
            <param name="NumeroCelularLider"></param>
            <returns></returns>
        </member>
        <member name="M:Bussiness.Repositories.BussinessRepository.AgregarLiderComunidad(System.String,System.String)">
            <summary>
            Crear una comunidad y agrega la linea lider
            </summary>
            <param name="sesion"></param>
            <param name="nombreLineaLider"></param>
            <returns></returns>
        </member>
        <member name="M:Bussiness.Repositories.BussinessRepository.ValidacionesIntegrantesComunidad(System.String)">
            <summary>
            Realiza las validaciones correspondientes a una línea
            </summary>
            <param name="sesion"></param>
            <returns></returns>
        </member>
        <member name="M:Bussiness.Repositories.BussinessRepository.ResumenComunidad(System.String)">
            <summary>
            Retorna el resumen de la comunidad
            </summary>
            <param name="sesion"></param>
            <returns></returns>
        </member>
        <member name="M:Bussiness.Repositories.BussinessRepository.ValidarCodigoVerificacion(System.String,System.String)">
            <summary>
            Se realiza la validación del código de verificación
            </summary>
            <param name="sesion"></param>
            <param name="Codigo"></param>
            <returns></returns>
        </member>
        <member name="M:Bussiness.Repositories.BussinessRepository.ObtenerParametrosDesofuscados(System.String)">
            <summary>
            Desofusca la información envida a la aplicación
            </summary>
            <param name="data"></param>
        </member>
        <member name="M:Bussiness.Repositories.BussinessRepository.CrearParametrosOfuscados(System.String)">
            <summary>
            Desofusca la información envida a la aplicación
            </summary>
            <returns></returns>
        </member>
        <member name="M:Bussiness.Repositories.BussinessRepository.ConsultarVariableSesPospago">
            <summary>
            Carga las variables de sesion en cache
            </summary>
        </member>
        <member name="M:Bussiness.Repositories.BussinessRepository.GenerarCodigoVerificacion(System.String)">
            <summary>
            generar codigo de verificacion
            </summary>
            <param name="sesion">Codigo de la sesion </param>
            <returns>retorna el codigo de verificacion</returns>
        </member>
        <member name="M:Bussiness.Repositories.BussinessRepository.LeerDatosComunidad(System.String)">
            <summary>
            Lee la información de los integrantes de la comunidad
            </summary>
            <param name="sesion"></param>
            <returns></returns>
        </member>
        <member name="M:Bussiness.Repositories.BussinessRepository.ValidacionesIniciales(System.String)">
            <summary>
            Validaciones que se realizan despues de desofucar el parámetro de entrada y antes de iniciar el flujo.
            </summary>
            <param name="sesion"></param>
            <returns></returns>
        </member>
        <member name="M:Bussiness.Repositories.BussinessRepository.ConsultarCapacidad(System.String)">
            <summary>
            Se consulta la capacidad de una línea determinada.
            </summary>
            <param name="sesion"></param>
            <returns></returns>
        </member>
        <member name="M:Bussiness.Repositories.BussinessRepository.CompartirDatos(System.String,System.String,System.String,System.String)">
            <summary>
            Se encarga de realizar la comparticion de datos
            </summary>
            <param name="celularOrigen"></param>
            <param name="celularDestino"></param>
            <param name="gb"></param>
            <param name="cicloPadre"></param>
            <returns></returns>
        </member>
        <member name="M:Bussiness.Repositories.BussinessRepository.GuardarMensajesPantallaExito(System.String,System.Boolean)">
            <summary>
            Guarda en cache los mensajes de texto para las pantallas de exito al agregar comunidad y al agregar integrante
            </summary>
            <param name="sesion"></param>
            <param name="EsPadre"></param>
            <returns></returns>
        </member>
        <member name="T:Bussiness.Repositories.IBussinessRepository">
            <summary>
            Interface Bussiness
            </summary>
        </member>
        <member name="M:Bussiness.Repositories.IBussinessRepository.DemoBussiness(System.String,System.String,System.String)">
            <summary>
            
            </summary>
            <param name="NumeroCelular"></param>
            <param name="orderTypeParam"></param>
            <param name="statusBussinesParam"></param>
            <returns></returns>
        </member>
        <member name="M:Bussiness.Repositories.IBussinessRepository.DireccionarIngreso(System.String)">
            <summary>
            Determina que comportamientro tendrá la aplicación al iniciar.
            </summary>
            <param name="NumeroCelularLider"></param>
            <returns></returns>
        </member>
        <member name="M:Bussiness.Repositories.IBussinessRepository.AgregarLiderComunidad(System.String,System.String)">
            <summary>
            Crear una comunidad y agrega la linea lider
            </summary>
            <param name="sesion"></param>
            <param name="nombreLineaLider"></param>
            <returns></returns>
        </member>
        <member name="M:Bussiness.Repositories.IBussinessRepository.ResumenComunidad(System.String)">
            <summary>
            
            </summary>
            <returns></returns>
        </member>
        <member name="M:Bussiness.Repositories.IBussinessRepository.ObtenerParametrosDesofuscados(System.String)">
            <summary>
            Desofusca la información envida a la aplicación
            </summary>
        </member>
        <member name="M:Bussiness.Repositories.IBussinessRepository.CrearParametrosOfuscados(System.String)">
            <summary>
            
            </summary>
            <param name="NumeroCelular"></param>
            <returns></returns>
        </member>
        <member name="M:Bussiness.Repositories.IBussinessRepository.ValidarCodigoVerificacion(System.String,System.String)">
            <summary>
            Verifica Token  para insercion de miembro a la comunidad
            </summary>
            <param name="sesion"></param>
            <param name="Codigo"></param>
            <returns></returns>
        </member>
        <member name="M:Bussiness.Repositories.IBussinessRepository.GenerarCodigoVerificacion(System.String)">
            <summary>
            Genera un código aleatorio para realizar una posterior verificación
            </summary>
            <param name="sesion"></param>
        </member>
        <member name="M:Bussiness.Repositories.IBussinessRepository.ConsultarVariableSesPospago">
            <summary>
            Carga las variables de sesion en cache
            </summary>
        </member>
        <member name="M:Bussiness.Repositories.IBussinessRepository.LeerDatosComunidad(System.String)">
            <summary>
            Lee la información de los integrantes de la comunidad
            </summary>
            <param name="sesion"></param>
            <returns></returns>
        </member>
        <member name="M:Bussiness.Repositories.IBussinessRepository.ValidacionesIniciales(System.String)">
            <summary>
            Validaciones que se realizan despues de desofucar el parámetro de entrada y antes de iniciar el flujo.
            </summary>
            <param name="sesion"></param>
            <returns></returns>
        </member>
        <member name="M:Bussiness.Repositories.IBussinessRepository.ValidacionesIntegrantesComunidad(System.String)">
            <summary>
            Realiza las validaciones correspondientes a una línea
            </summary>
            <param name="sesion"></param>
            <returns></returns>
        </member>
        <member name="M:Bussiness.Repositories.IBussinessRepository.ConsultarCapacidad(System.String)">
            <summary>
            Se consulta la capacidad de una línea determinada.
            </summary>
            <param name="sesion"></param>
            <returns></returns>
        </member>
        <member name="M:Bussiness.Repositories.IBussinessRepository.CompartirDatos(System.String,System.String,System.String,System.String)">
            <summary>
            Se encarga de realizar la comparticion de datos
            </summary>
            <param name="celularOrigen"></param>
            <param name="celularDestino"></param>
            <param name="gb"></param>
            <returns></returns>
        </member>
        <member name="M:Bussiness.Repositories.IBussinessRepository.GuardarMensajesPantallaExito(System.String,System.Boolean)">
            <summary>
            Guarda en cache los mensajes de texto para las pantallas de exito al agregar comunidad y al agregar integrante
            </summary>
            <param name="sesion"></param>
            <param name="EsPadre"></param>
            <returns></returns>
        </member>
        <member name="T:Bussiness.Services.ApiVersioningService">
            <summary>
            Manejo de la vesión de la API.
            </summary>
        </member>
        <member name="M:Bussiness.Services.ApiVersioningService.AddApiVersioningService(Microsoft.Extensions.DependencyInjection.IServiceCollection)">
            <summary>
            Manejo de la vesión de la API.
            </summary>
            <param name="services"></param>
        </member>
        <member name="T:Bussiness.Services.ConfigureService">
            <summary>
            Adicionar clases para el manejo de la configuración de la aplicación.
            </summary>
        </member>
        <member name="M:Bussiness.Services.ConfigureService.AddConfigureService(Microsoft.Extensions.DependencyInjection.IServiceCollection,Microsoft.Extensions.Configuration.IConfiguration)">
            <summary>
            Adicionar clases para el manejo de la configuración de la aplicación.
            </summary>
            <param name="services"></param>
            <param name="Configuration"></param>
        </member>
        <member name="T:Bussiness.Services.CorsService">
            <summary>
            Configuración de Cors.
            </summary>
        </member>
        <member name="M:Bussiness.Services.CorsService.AddCorsService(Microsoft.Extensions.DependencyInjection.IServiceCollection)">
            <summary>
            Configuración de Cors.
            </summary>
            <param name="services"></param>
        </member>
        <member name="T:Bussiness.Services.MvcService">
            <summary>
            Configuración de MVC.
            </summary>
        </member>
        <member name="M:Bussiness.Services.MvcService.AddMvcService(Microsoft.Extensions.DependencyInjection.IServiceCollection)">
            <summary>
            Configuración de MVC.
            </summary>
            <param name="services"></param>
        </member>
        <member name="T:Bussiness.Services.SingletonService">
            <summary>
            Configuración de los repositorios.
            </summary>
        </member>
        <member name="M:Bussiness.Services.SingletonService.AddSingletonService(Microsoft.Extensions.DependencyInjection.IServiceCollection)">
            <summary>
            Configuración de los repositorios.
            </summary>
            <param name="services"></param>
        </member>
        <member name="T:Bussiness.Services.SwaggerGenService">
            <summary>
            Configuración de Swagger.
            </summary>
        </member>
        <member name="M:Bussiness.Services.SwaggerGenService.AddSwaggerGenService(Microsoft.Extensions.DependencyInjection.IServiceCollection)">
            <summary>
            Configuración de Swagger.
            </summary>
            <param name="services"></param>
        </member>
        <member name="T:Bussiness.Startup">
            <summary>
            Clase que permite las configuraciones iniciales de la API
            </summary>
        </member>
        <member name="P:Bussiness.Startup.Configuration">
            <summary>
            Interfaz relacionada a la configuracion de la API
            </summary>
        </member>
        <member name="P:Bussiness.Startup.HostingEnvironment">
            <summary>
            Interfaz relacionado al entorno de la API
            </summary>
        </member>
        <member name="M:Bussiness.Startup.#ctor(Microsoft.AspNetCore.Hosting.IHostingEnvironment)">
            <summary>
            Método inicial enla configuración de la API
            </summary>
            <param name="env"></param>
        </member>
        <member name="M:Bussiness.Startup.ConfigureServices(Microsoft.Extensions.DependencyInjection.IServiceCollection)">
            <summary>
            /Método para adicionar servicios al contenedor.
            </summary>
            <param name="services"></param>
        </member>
        <member name="M:Bussiness.Startup.Configure(Microsoft.AspNetCore.Builder.IApplicationBuilder,Microsoft.AspNetCore.Hosting.IHostingEnvironment,Microsoft.Extensions.Logging.ILoggerFactory,Microsoft.AspNetCore.Mvc.ApiExplorer.IApiVersionDescriptionProvider)">
            <summary>
            Configuraciones adicionales de la API
            </summary>
            <param name="app"></param>
            <param name="env"></param>
            <param name="loggerFactory"></param>
            <param name="provider"></param>
        </member>
        <member name="T:PlanesFamiliares.Bussiness.Entities.DatosComparticion">
            <summary>
            DatosComparticionDatos
            </summary>
        </member>
        <member name="P:PlanesFamiliares.Bussiness.Entities.DatosComparticion.celularOrigen">
            <summary>
            celularOrigen
            </summary>
        </member>
        <member name="P:PlanesFamiliares.Bussiness.Entities.DatosComparticion.celularDestino">
            <summary>
            celularDestino
            </summary>
        </member>
        <member name="P:PlanesFamiliares.Bussiness.Entities.DatosComparticion.cicloOrigen">
            <summary>
            cicloOrigen
            </summary>
        </member>
        <member name="P:PlanesFamiliares.Bussiness.Entities.DatosComparticion.cicloDestino">
            <summary>
            cicloDestino
            </summary>
        </member>
        <member name="P:PlanesFamiliares.Bussiness.Entities.DatosComparticion.cantidadGigas">
            <summary>
            cantidadGigas
            </summary>
        </member>
        <member name="P:PlanesFamiliares.Bussiness.Entities.DatosComparticion.cantidadBytes">
            <summary>
            cantidadBytes
            </summary>
        </member>
        <member name="P:PlanesFamiliares.Bussiness.Entities.DatosComparticion.bonoOrigen">
            <summary>
            bonoOrigen
            </summary>
        </member>
        <member name="P:PlanesFamiliares.Bussiness.Entities.DatosComparticion.bonoTempOrigen">
            <summary>
            bonoTempOrigen
            </summary>
        </member>
        <member name="P:PlanesFamiliares.Bussiness.Entities.DatosComparticion.bonoDestino">
            <summary>
            bonoDestino
            </summary>
        </member>
        <member name="P:PlanesFamiliares.Bussiness.Entities.DatosComparticion.bonoTempDestino">
            <summary>
            bonoTempDestino
            </summary>
        </member>
        <member name="T:PlanesFamiliares.Bussiness.Helper.AgregarLiderComunidadFunction">
            <summary>
            Se crea una comunidad y se agrega al Lider.
            </summary>
        </member>
        <member name="M:PlanesFamiliares.Bussiness.Helper.AgregarLiderComunidadFunction.AgregarLiderComunidad(System.String,System.String,Microsoft.Extensions.Options.IOptions{Bussiness.Entities.Appsettings.Uris},Microsoft.Extensions.Logging.ILogger,Microsoft.Extensions.Caching.Memory.IMemoryCache)">
            <summary>
            Se crea una comunidad y se agrega al Lider.
            </summary>
            <param name="sesion"></param>
            <param name="NombreLinea"></param>
            <param name="uris"></param>
            <param name="logger"></param>
            <param name="cache"></param>
            <returns></returns>
        </member>
        <member name="T:PlanesFamiliares.Bussiness.Helper.CargaVariableSesionTipolineaFunction">
            <summary>
            Carga las variables de sesion segun tipo de a evaluar
            </summary>
        </member>
        <member name="M:PlanesFamiliares.Bussiness.Helper.CargaVariableSesionTipolineaFunction.cargaVariableSesionTipoLinea(System.String,Microsoft.Extensions.Options.IOptions{Bussiness.Entities.Appsettings.Uris},Microsoft.Extensions.Logging.ILogger,Microsoft.Extensions.Caching.Memory.IMemoryCache)">
            <summary>
            carga las variables de sesion segun tipo de a evaluar 
            </summary>
            <param name="NumeroCelular">Numero de linea a validar</param>
            <param name="uris">Url constante de conexion a servicios y BD</param>
            <param name="logger">Constante de aplicacion</param>
            <param name="cache">Cache de sesion</param>
            <returns></returns>
        </member>
        <member name="T:PlanesFamiliares.Bussiness.Helper.ComparticionDatosFunction">
            <summary>
            Se encarga de realizar la comparticion de datos (GB)
            </summary>
        </member>
        <member name="M:PlanesFamiliares.Bussiness.Helper.ComparticionDatosFunction.ComparticionDatos(System.String,System.String,System.String,System.String,Microsoft.Extensions.Options.IOptions{Bussiness.Entities.Appsettings.Uris},Microsoft.Extensions.Logging.ILogger,Microsoft.Extensions.Caching.Memory.IMemoryCache)">
            <summary>
            Compartir Datos
            </summary>
            <param name="celularOrigen"></param>
            <param name="celularDestino"></param>
            <param name="gb"></param>
            <param name="cicloPadre"></param>
            <param name="uris"></param>
            <param name="logger"></param>
            <param name="cache"></param>
            <returns></returns>
        </member>
        <member name="T:PlanesFamiliares.Bussiness.Helper.CrearParametrosOfuscadosFunction">
            <summary>
            Crear párametros ofuscados
            </summary>
        </member>
        <member name="M:PlanesFamiliares.Bussiness.Helper.CrearParametrosOfuscadosFunction.CrearParametrosOfuscados(System.String,Microsoft.Extensions.Logging.ILogger)">
            <summary>
            Crear párametros ofuscados
            </summary>
            <param name="NumeroCelular"></param>
            <param name="logger"></param>
            <returns></returns>
        </member>
        <member name="T:PlanesFamiliares.Bussiness.Helper.DataModel.ConsultarBonoPorCicloFunction">
            <summary>
            Consulta el bonbo por ciclo o corte
            </summary>
        </member>
        <member name="M:PlanesFamiliares.Bussiness.Helper.DataModel.ConsultarBonoPorCicloFunction.ConsultarBonoPorCiclo(System.String,Microsoft.Extensions.Options.IOptions{Bussiness.Entities.Appsettings.Uris},Microsoft.Extensions.Logging.ILogger)">
            <summary>
            Consulta el bonbo por ciclo o corte
            </summary>
            <param name="ciclo"></param>
            <param name="uris"></param>
            <param name="logger"></param>
            <returns></returns>
        </member>
        <member name="T:PlanesFamiliares.Bussiness.Helper.DataModel.ConsultarEstadoLineaFunction">
            <summary>
            Consultar el estado de la Linea
            </summary>
        </member>
        <member name="M:PlanesFamiliares.Bussiness.Helper.DataModel.ConsultarEstadoLineaFunction.ConsultarEstadoLinea(System.String,Microsoft.Extensions.Options.IOptions{Bussiness.Entities.Appsettings.Uris},Microsoft.Extensions.Logging.ILogger)">
            <summary>
            Servicio que retorna True si el estado AAA de lo contrario false
            </summary>
            <param name="celular"></param>
            <param name="uris"></param>
            <param name="logger"></param>
            <returns></returns>
        </member>
        <member name="T:PlanesFamiliares.Bussiness.Helper.DataModel.ConsultarEstadoSuspendidoFunction">
            <summary>
            Consulta Plan Tarifario u Oferta de la Linea que se esta consultando
            </summary>
        </member>
        <member name="M:PlanesFamiliares.Bussiness.Helper.DataModel.ConsultarEstadoSuspendidoFunction.ConsultarEstadoSuspendido(System.String,Microsoft.Extensions.Options.IOptions{Bussiness.Entities.Appsettings.Uris},Microsoft.Extensions.Logging.ILogger)">
            <summary>
            Servicio que retorna la Oferta o Plan Tarifario del numerod de celular
            </summary>
            <param name="celular"></param>
            <param name="uris"></param>
            <param name="logger"></param>
            <returns></returns>
        </member>
        <member name="T:PlanesFamiliares.Bussiness.Helper.DataModel.ConsultarMensajesPersonalizadoFunction">
            <summary>
            Retorna los mensajes para mostrar en pantalla
            </summary>
        </member>
        <member name="M:PlanesFamiliares.Bussiness.Helper.DataModel.ConsultarMensajesPersonalizadoFunction.ConsultarMensajesPersonalizado(System.String,System.String[],Microsoft.Extensions.Options.IOptions{Bussiness.Entities.Appsettings.Uris},Microsoft.Extensions.Logging.ILogger)">
            <summary>
            Retorna los mensajes para mostrar en pantalla
            </summary>
            <param name="IdMensaje"></param>
            <param name="Adicionales"></param>
            <param name="uris"></param>
            <param name="logger"></param>
            <returns></returns>
        </member>
        <member name="T:PlanesFamiliares.Bussiness.Helper.DataModel.ConsultarPlanTarifarioLineaFunction">
            <summary>
            Consulta Plan Tarifario u Oferta de la Linea que se esta consultando
            </summary>
        </member>
        <member name="M:PlanesFamiliares.Bussiness.Helper.DataModel.ConsultarPlanTarifarioLineaFunction.ConsultarPlanTarifarioLinea(System.String,Microsoft.Extensions.Options.IOptions{Bussiness.Entities.Appsettings.Uris},Microsoft.Extensions.Logging.ILogger)">
            <summary>
            Servicio que retorna la Oferta o Plan Tarifario del numerod de celular
            </summary>
            <param name="celular"></param>
            <param name="uris"></param>
            <param name="logger"></param>
            <returns></returns>
        </member>
        <member name="T:PlanesFamiliares.Bussiness.Helper.DataModel.ConsultarPlanTarifarioPFFunction">
            <summary>
            Consulta Plan Tarifario u Oferta en Planes Familiares
            </summary>
        </member>
        <member name="M:PlanesFamiliares.Bussiness.Helper.DataModel.ConsultarPlanTarifarioPFFunction.ConsultarExistePlanTarifarioPF(System.String,Microsoft.Extensions.Options.IOptions{Bussiness.Entities.Appsettings.Uris},Microsoft.Extensions.Logging.ILogger)">
            <summary>
            Retorna true si la oferta o Plan tarifario corresponde a Planes familiares
            </summary>
            <param name="codOferta"></param>
            <param name="uris"></param>
            <param name="logger"></param>
            <returns></returns>
        </member>
        <member name="T:PlanesFamiliares.Bussiness.Helper.DataModel.ConsultarSegmentoValidoFunction">
            <summary>
            Consulta Plan Tarifario u Oferta de la Linea que se esta consultando
            </summary>
        </member>
        <member name="M:PlanesFamiliares.Bussiness.Helper.DataModel.ConsultarSegmentoValidoFunction.ConsultarSegmentoValido(System.String,Microsoft.Extensions.Options.IOptions{Bussiness.Entities.Appsettings.Uris},Microsoft.Extensions.Logging.ILogger,Microsoft.Extensions.Caching.Memory.IMemoryCache)">
            <summary>
            Servicio que devuelve
            </summary>
            <param name="celular"></param>
            <param name="uris"></param>
            <param name="logger"></param>
            <param name="cache"></param>
            <returns></returns>
        </member>
        <member name="T:PlanesFamiliares.Bussiness.Helper.DataModel.ConsultarVariableSesionPortadoFunction">
            <summary>
            Carga las variables de sesion en cache de una linea portada
            </summary>
        </member>
        <member name="M:PlanesFamiliares.Bussiness.Helper.DataModel.ConsultarVariableSesionPortadoFunction.ConsultarVariableSesionPortado(Microsoft.Extensions.Options.IOptions{Bussiness.Entities.Appsettings.Uris},Microsoft.Extensions.Logging.ILogger,Microsoft.Extensions.Caching.Memory.IMemoryCache)">
            <summary>
            Carga las variables de sesion en cache de una linea portada
            </summary>
            <param name="uris">Constante de URL para conexion con DB</param>
            <param name="logger">contante de aplicacion</param>
            <param name="cache">cache de la sesion</param>
        </member>
        <member name="T:PlanesFamiliares.Bussiness.Helper.DataModel.ConsultarVariableSesionPospagoFunction">
            <summary>
            Carga las variables de sesion en cache de una linea pospago
            </summary>
        </member>
        <member name="M:PlanesFamiliares.Bussiness.Helper.DataModel.ConsultarVariableSesionPospagoFunction.ConsultarVariableSesionPospago(Microsoft.Extensions.Options.IOptions{Bussiness.Entities.Appsettings.Uris},Microsoft.Extensions.Logging.ILogger,Microsoft.Extensions.Caching.Memory.IMemoryCache)">
            <summary>
            Carga las variables de sesion en cache de una linea pospago
            </summary>
            <param name="uris">Constante de URL para conexion con DB</param>
            <param name="logger">contante de aplicacion</param>
            <param name="cache">cache de la sesion</param>
        </member>
        <member name="T:PlanesFamiliares.Bussiness.Helper.DataModel.ConsultarVariableSesionPrepagoFunction">
            <summary>
            Consulta las variables de sesion 
            </summary>
        </member>
        <member name="M:PlanesFamiliares.Bussiness.Helper.DataModel.ConsultarVariableSesionPrepagoFunction.ConsultarVariableSesionPrepago(Microsoft.Extensions.Options.IOptions{Bussiness.Entities.Appsettings.Uris},Microsoft.Extensions.Logging.ILogger,Microsoft.Extensions.Caching.Memory.IMemoryCache)">
            <summary>
            Carga las variables de sesion en cache de una linea prepago
            </summary>
            <param name="uris">Constante de URL para conexion con DB</param>
            <param name="logger">contante de aplicacion</param>
            <param name="cache">cache de la sesion</param>
        </member>
        <member name="T:PlanesFamiliares.Bussiness.Helper.DataModel.CrearComunidadFunction">
            <summary>
            Crea una comunidad agregando la línea lider
            </summary>
        </member>
        <member name="M:PlanesFamiliares.Bussiness.Helper.DataModel.CrearComunidadFunction.CrearComunidad(Microsoft.Extensions.Options.IOptions{Bussiness.Entities.Appsettings.Uris},Microsoft.Extensions.Logging.ILogger)">
            <summary>
            Crea una comunidad agregando la línea lider
            </summary>
            <param name="uris"></param>
            <param name="logger"></param>
            <returns></returns>
        </member>
        <member name="T:PlanesFamiliares.Bussiness.Helper.DataModel.CrearIntegranteComunidadFunction">
            <summary>
            Se agrega un integrante a la comunidad
            </summary>
        </member>
        <member name="M:PlanesFamiliares.Bussiness.Helper.DataModel.CrearIntegranteComunidadFunction.CrearIntegranteComunidad(System.Boolean,System.Int64,System.String,System.String,System.String,System.Int32,Microsoft.Extensions.Options.IOptions{Bussiness.Entities.Appsettings.Uris},Microsoft.Extensions.Logging.ILogger)">
            <summary>
            Se agrega un integrante a la comunidad
            </summary>
            <param name="EsPadre"></param>
            <param name="IdComunidad"></param>
            <param name="IdOferta"></param>
            <param name="NombreLinea"></param>
            <param name="NumeroLinea"></param>
            <param name="Ciclo"></param>
            <param name="uris"></param>
            <param name="logger"></param>
            <returns></returns>
        </member>
        <member name="T:PlanesFamiliares.Bussiness.Helper.DataModel.DataModel">
            <summary>
            
            </summary>
        </member>
        <member name="P:PlanesFamiliares.Bussiness.Helper.DataModel.DataModel.Content">
            <summary>
            
            </summary>
        </member>
        <member name="T:PlanesFamiliares.Bussiness.Helper.DataModel.ObtenerCantidadIntegranteComunidadFunction">
            <summary>
            Retorna la cantidad de integrantes por comunidad
            </summary>
        </member>
        <member name="M:PlanesFamiliares.Bussiness.Helper.DataModel.ObtenerCantidadIntegranteComunidadFunction.ObtenerCantidadIntegranteComunidad(System.Int64,Microsoft.Extensions.Options.IOptions{Bussiness.Entities.Appsettings.Uris},Microsoft.Extensions.Logging.ILogger)">
            <summary>
            Retorna la cantidad de integrantes por comunudad
            </summary>
            <param name="idComunidad"></param>
            <param name="uris"></param>
            <param name="logger"></param>
            <returns></returns>
        </member>
        <member name="T:PlanesFamiliares.Bussiness.Helper.DataModel.ObtenerComunidadFunction">
            <summary>
            Consulta el ID de la comunidad dada la línea padre.
            </summary>
        </member>
        <member name="M:PlanesFamiliares.Bussiness.Helper.DataModel.ObtenerComunidadFunction.ObtenerComunidad(System.String,Microsoft.Extensions.Options.IOptions{Bussiness.Entities.Appsettings.Uris},Microsoft.Extensions.Logging.ILogger)">
            <summary>
            Consulta el ID de la comunidad dada la línea padre.
            </summary>
            <param name="NumeroCelular"></param>
            <param name="uris"></param>
            <param name="logger"></param>
            <returns></returns>
        </member>
        <member name="T:PlanesFamiliares.Bussiness.Helper.DataModel.ObtenerIntegrantesComunidadFunction">
            <summary>
            Retorna una lista con los integrantes de la comunidad
            </summary>
        </member>
        <member name="M:PlanesFamiliares.Bussiness.Helper.DataModel.ObtenerIntegrantesComunidadFunction.ObtenerIntegrantesComunidad(System.String,Microsoft.Extensions.Options.IOptions{Bussiness.Entities.Appsettings.Uris},Microsoft.Extensions.Logging.ILogger,Microsoft.Extensions.Caching.Memory.IMemoryCache)">
            <summary>
            Retorna una lista con los integrantes de la comunidad
            </summary>
            <param name="sesion"></param>
            <param name="uris"></param>
            <param name="logger"></param>
            <param name="cache"></param>
            <returns></returns>
        </member>
        <member name="T:PlanesFamiliares.Bussiness.Helper.DataModel.ObtenerOfertasVigentesFunction">
            <summary>
            Retorna la oferta vigente
            </summary>
        </member>
        <member name="M:PlanesFamiliares.Bussiness.Helper.DataModel.ObtenerOfertasVigentesFunction.ObtenerOfertasVigentes(System.Int32,Microsoft.Extensions.Options.IOptions{Bussiness.Entities.Appsettings.Uris},Microsoft.Extensions.Logging.ILogger)">
            <summary>
            Retorna la oferta vigente
            </summary>
            <param name="codOferta"></param>
            <param name="uris"></param>
            <param name="logger"></param>
            <returns></returns>
        </member>
        <member name="T:PlanesFamiliares.Bussiness.Helper.DataModel.PermitirAgregarFunction">
            <summary>
            determina si se puede agregar un integrante
            </summary>
        </member>
        <member name="M:PlanesFamiliares.Bussiness.Helper.DataModel.PermitirAgregarFunction.PermitirAgregar(System.Int64,Microsoft.Extensions.Options.IOptions{Bussiness.Entities.Appsettings.Uris},Microsoft.Extensions.Logging.ILogger,Microsoft.Extensions.Caching.Memory.IMemoryCache)">
            <summary>
            
            </summary>
            <param name="idComunidad">Identificador de la comunidad</param>
            <param name="uris">Url de consulta de servicio</param>
            <param name="logger">Contante de ejecucucion</param>
            <param name="cache">variables cargadas en cache</param>
            <returns>True si se pueden agregar integrantes a comunidad</returns>
        </member>
        <member name="T:PlanesFamiliares.Bussiness.Helper.DataModel.ValidaCantidadIntegranteComunidadFunction">
            <summary>
            Retorna la cantidad de integrantes que aún se pueden agregar a la comunudad
            </summary>
        </member>
        <member name="M:PlanesFamiliares.Bussiness.Helper.DataModel.ValidaCantidadIntegranteComunidadFunction.ValidaCantidadIntegranteComunidad(System.Int64,Microsoft.Extensions.Options.IOptions{Bussiness.Entities.Appsettings.Uris},Microsoft.Extensions.Logging.ILogger)">
            <summary>
            Retorna la cantidad de integrantes que aún se pueden agregar a la comunudad
            </summary>
            <param name="idComunidad"></param>
            <param name="uris"></param>
            <param name="logger"></param>
            <returns></returns>
        </member>
        <member name="T:PlanesFamiliares.Bussiness.Helper.DataModel.ValidaExisteMiembroFunction">
            <summary>
            Valida si existe en una comunidad
            </summary>
        </member>
        <member name="M:PlanesFamiliares.Bussiness.Helper.DataModel.ValidaExisteMiembroFunction.ValidaExisteMiembro(System.String,Microsoft.Extensions.Options.IOptions{Bussiness.Entities.Appsettings.Uris},Microsoft.Extensions.Logging.ILogger,Microsoft.Extensions.Caching.Memory.IMemoryCache)">
            <summary>
            Valida si existe miembro en una comunidad
            </summary>
            <param name="NumeroCelular">Numero de line a validar</param>
            <param name="uris">Constante de URL para consultas de servicio</param>
            <param name="logger">Constante de sesion en la aplicacion</param>
            <param name="cache">Cache de aplicacion</param>
            <returns>True si existe en una comunidad</returns>
        </member>
        <member name="T:PlanesFamiliares.Bussiness.Helper.DataModel.ValidaLineaPortOutFunction">
            <summary>
            Valida si una linea esta en proceso de portOut
            </summary>
        </member>
        <member name="M:PlanesFamiliares.Bussiness.Helper.DataModel.ValidaLineaPortOutFunction.ValidaLineaPortOut(System.String,Microsoft.Extensions.Options.IOptions{Bussiness.Entities.Appsettings.Uris},Microsoft.Extensions.Logging.ILogger,Microsoft.Extensions.Caching.Memory.IMemoryCache)">
            <summary>
            Valida si una linea esta en proceso de portOut
            </summary>
            <param name="primaryTelephoneNumber">Numero de linea a validar</param>
            <param name="uris">Url de conexion a servicios</param>
            <param name="logger">Constante de aplicacion</param>
            <param name="cache">cache de aplicacion</param>
            <returns></returns>
        </member>
        <member name="T:PlanesFamiliares.Bussiness.Helper.Services.ValidaLineaPortadoFunction">
            <summary>
            Valida si una linea tiene origen portado
            </summary>
        </member>
        <member name="M:PlanesFamiliares.Bussiness.Helper.Services.ValidaLineaPortadoFunction.ValidaLineaPortado(System.String,Microsoft.Extensions.Options.IOptions{Bussiness.Entities.Appsettings.Uris},Microsoft.Extensions.Logging.ILogger)">
            <summary>
            Valida si una linea tiene origen portado
            </summary>
            <param name="primaryTelephoneNumber">Numero de linea a validar</param>
            <param name="uris">Url de conexion a servicios</param>
            <param name="logger">Constante de aplicacion</param>
            <returns></returns>
        </member>
        <member name="T:PlanesFamiliares.Bussiness.Helper.Services.ConsultarCapacidadFunction">
            <summary>
            
            </summary>
        </member>
        <member name="M:PlanesFamiliares.Bussiness.Helper.Services.ConsultarCapacidadFunction.ConsultarCapacidad(System.String,Microsoft.Extensions.Options.IOptions{Bussiness.Entities.Appsettings.Uris},Microsoft.Extensions.Logging.ILogger)">
            <summary>
            
            </summary>
            <returns></returns>
        </member>
        <member name="T:PlanesFamiliares.Bussiness.Helper.Services.ConsultarCicloFunction">
            <summary>
            
            </summary>
        </member>
        <member name="M:PlanesFamiliares.Bussiness.Helper.Services.ConsultarCicloFunction.ConsultarCiclo(System.String,Microsoft.Extensions.Options.IOptions{Bussiness.Entities.Appsettings.Uris},Microsoft.Extensions.Logging.ILogger)">
            <summary>
            
            </summary>
            <returns></returns>
        </member>
        <member name="T:PlanesFamiliares.Bussiness.Helper.Services.ConsultarDatosClienteFunction">
            <summary>
            
            </summary>
        </member>
        <member name="M:PlanesFamiliares.Bussiness.Helper.Services.ConsultarDatosClienteFunction.ConsultarDatosCliente(System.String,Microsoft.Extensions.Options.IOptions{Bussiness.Entities.Appsettings.Uris},Microsoft.Extensions.Logging.ILogger)">
            <summary>
            Consulta los datos basicos del cliente
            </summary>
            <param name="NumeroCelular"></param>
            <param name="uris"></param>
            <param name="logger"></param>
            <returns></returns>
        </member>
        <member name="T:PlanesFamiliares.Bussiness.Helper.Services.ConsultarFechaActivacionFunction">
            <summary>
            Consultar la fecha de activacion de linea
            </summary>
        </member>
        <member name="M:PlanesFamiliares.Bussiness.Helper.Services.ConsultarFechaActivacionFunction.ConsultarFechaActivacion(System.String,Microsoft.Extensions.Options.IOptions{Bussiness.Entities.Appsettings.Uris},Microsoft.Extensions.Logging.ILogger)">
            <summary>
            Consultar la fecha de activacion de linea 
            </summary>
            <param name="NumeroCelular"></param>
            <param name="uris"></param>
            <param name="logger"></param>
            <returns></returns>
        </member>
        <member name="T:PlanesFamiliares.Bussiness.Helper.Services.ConsultarNumeroFunction">
            <summary>
            Consulta la información correspondiente a un número celular
            </summary>
        </member>
        <member name="M:PlanesFamiliares.Bussiness.Helper.Services.ConsultarNumeroFunction.ConsultarNumero(System.String,Microsoft.Extensions.Options.IOptions{Bussiness.Entities.Appsettings.Uris},Microsoft.Extensions.Logging.ILogger)">
            <summary>
            Consulta la información correspondiente a un número celular
            </summary>
            <param name="NumeroCelular"></param>
            <param name="uris"></param>
            <param name="logger"></param>
            <returns></returns>
        </member>
        <member name="T:PlanesFamiliares.Bussiness.Helper.Services.ConsultarScoreFunction">
            <summary>
            Consulta datos del score
            </summary>
        </member>
        <member name="M:PlanesFamiliares.Bussiness.Helper.Services.ConsultarScoreFunction.ConsultarScore(System.String,System.String,System.String,System.String,System.String,Microsoft.Extensions.Options.IOptions{Bussiness.Entities.Appsettings.Uris},Microsoft.Extensions.Logging.ILogger)">
            <summary>
            Consulta datos del score
            </summary>
            <param name="NumeroCelular"></param>
            <param name="TipoIdentificacion"></param>
            <param name="NumeroIdentificacion"></param>
            <param name="Name"></param>
            <param name="IssueD"></param>
            <param name="uris"></param>
            <param name="logger"></param>
            <returns></returns>
        </member>
        <member name="T:PlanesFamiliares.Bussiness.Helper.Services.DistribuirGigasFunction">
            <summary>
            DistribuirGigasFunction
            </summary>
        </member>
        <member name="M:PlanesFamiliares.Bussiness.Helper.Services.DistribuirGigasFunction.DistribuirGigas(PlanesFamiliares.Bussiness.Entities.DatosComparticion,Microsoft.Extensions.Options.IOptions{Bussiness.Entities.Appsettings.Uris},Microsoft.Extensions.Logging.ILogger)">
            <summary>
            Se encarga de realizar la distrubución de las Gigas en la linea origen y en la linea destino
            </summary>
            <param name="datos"></param>
            <param name="uris"></param>
            <param name="logger"></param>
            <returns></returns>
        </member>
        <member name="T:PlanesFamiliares.Bussiness.Helper.Services.EnviarMensajeTextoFunction">
            <summary>
            
            </summary>
        </member>
        <member name="M:PlanesFamiliares.Bussiness.Helper.Services.EnviarMensajeTextoFunction.EnviarMensajeTexto(System.String,System.String,Microsoft.Extensions.Options.IOptions{Bussiness.Entities.Appsettings.Uris},Microsoft.Extensions.Logging.ILogger)">
            <summary>
            
            </summary>
        </member>
        <member name="T:PlanesFamiliares.Bussiness.Helper.Services.ObtenerCapacidadFunction">
            <summary>
            
            </summary>
        </member>
        <member name="M:PlanesFamiliares.Bussiness.Helper.Services.ObtenerCapacidadFunction.ObtenerCapacidad(System.String,Microsoft.Extensions.Options.IOptions{Bussiness.Entities.Appsettings.Uris},Microsoft.Extensions.Logging.ILogger)">
            <summary>
            
            </summary>
            <param name="NumeroCelular"></param>
            <param name="uris"></param>
            <param name="logger"></param>
            <returns></returns>
        </member>
        <member name="T:PlanesFamiliares.Bussiness.Helper.Services.ObtenerofertaComHijosFunction">
            <summary>
            Consulta la oferta disponible
            </summary>
        </member>
        <member name="M:PlanesFamiliares.Bussiness.Helper.Services.ObtenerofertaComHijosFunction.ObtenerofertaComHijos(System.Int64,Microsoft.Extensions.Options.IOptions{Bussiness.Entities.Appsettings.Uris},Microsoft.Extensions.Logging.ILogger)">
            <summary>
            Consulta la oferta disponible
            </summary>
            <param name="idComunidad"></param>
            <param name="uris"></param>
            <param name="logger"></param>
            <returns></returns>
        </member>
        <member name="T:PlanesFamiliares.Bussiness.Helper.Services.TieneBajaProgramadaFunction">
            <summary>
            Consulta si la línea tiene una baja programada.
            </summary>
        </member>
        <member name="M:PlanesFamiliares.Bussiness.Helper.Services.TieneBajaProgramadaFunction.TieneBajaProgramada(System.String,Microsoft.Extensions.Options.IOptions{Bussiness.Entities.Appsettings.Uris},Microsoft.Extensions.Logging.ILogger,Microsoft.Extensions.Caching.Memory.IMemoryCache)">
            <summary>
            Consulta si la línea tiene una baja programada.
            </summary>
            <param name="NumeroCelular">Numero de la linea</param>
            <param name="uris">Url de consulta de servicio</param>
            <param name="logger">Contante de ejecucucion</param>
            <param name="cache">variables cargadas en cache</param>
            <returns>True si tiene una baja programada</returns>
        </member>
        <member name="T:PlanesFamiliares.Bussiness.Helper.Services.TieneMigracionPosPreFunction">
            <summary>
            Consulta si la línea tiene una migración pos-pre
            </summary>
        </member>
        <member name="M:PlanesFamiliares.Bussiness.Helper.Services.TieneMigracionPosPreFunction.TieneMigracionPosPre(System.String,Microsoft.Extensions.Options.IOptions{Bussiness.Entities.Appsettings.Uris},Microsoft.Extensions.Logging.ILogger,Microsoft.Extensions.Caching.Memory.IMemoryCache)">
            <summary>
            Consulta si la línea tiene una migración pos-pre
            </summary>
            <param name="NumeroCelular">Numero de linea</param>
            <param name="uris">Url de consulta de servicio</param>
            <param name="logger">Contante de ejecucucion</param>
            <param name="cache">variables cargadas en cache</param>
            <returns>True si tiene una migracion de este tipo</returns>
        </member>
        <member name="T:PlanesFamiliares.Bussiness.Helper.Services.TieneMigracionPrePosFunction">
            <summary>
            Consulta si la línea tiene una migración pre-pos
            </summary>
        </member>
        <member name="M:PlanesFamiliares.Bussiness.Helper.Services.TieneMigracionPrePosFunction.TieneMigracionPrePos(System.String,Microsoft.Extensions.Options.IOptions{Bussiness.Entities.Appsettings.Uris},Microsoft.Extensions.Logging.ILogger,Microsoft.Extensions.Caching.Memory.IMemoryCache)">
            <summary>
            Consulta si la línea tiene una migración pre-pos
            </summary>
            <param name="NumeroCelular">Numero de linea</param>
            <param name="uris">Url de consulta de servicio</param>
            <param name="logger">Contante de ejecucucion</param>
            <param name="cache">variables cargadas en cache</param>
            <returns>True si tiene una migracion de este tipo</returns>
        </member>
        <member name="T:PlanesFamiliares.Bussiness.Helper.Services.ValidaAntiguedadLineaFunction">
            <summary>
            Valida si la linea del cliente cumple con la antiguedad de registros
            </summary>
        </member>
        <member name="M:PlanesFamiliares.Bussiness.Helper.Services.ValidaAntiguedadLineaFunction.ValidaAntiguedadLinea(System.String,Microsoft.Extensions.Options.IOptions{Bussiness.Entities.Appsettings.Uris},Microsoft.Extensions.Logging.ILogger,Microsoft.Extensions.Caching.Memory.IMemoryCache)">
            <summary>
            Valida si la linea del cliente cumple con la antiguedad de registro
            </summary>
            <param name="NumeroCelular">Numero de linea </param>
            <param name="uris">Url de consulta de servicio</param>
            <param name="logger">Contante de ejecucucion</param>
            <param name="cache">variables cargadas en cache</param>
            <returns>False si no cumple con la antiguedad</returns>
        </member>
        <member name="T:PlanesFamiliares.Bussiness.Helper.Services.ValidaLineaPospagoFunction">
            <summary>
            
            </summary>
        </member>
        <member name="M:PlanesFamiliares.Bussiness.Helper.Services.ValidaLineaPospagoFunction.ValidaLineaPospago(System.String,Microsoft.Extensions.Options.IOptions{Bussiness.Entities.Appsettings.Uris},Microsoft.Extensions.Logging.ILogger)">
            <summary>
            Valida si la linea es pospago
            </summary>
            <param name="primaryTelephoneNumber">Numero de linea a validar</param>
            <param name="uris">Url de consulta al servicio</param>
            <param name="logger">Constante de sesion</param>
            <returns>True si es pospago</returns>
        </member>
        <member name="T:PlanesFamiliares.Bussiness.Helper.Services.ValidaLineaPrepagoFunction">
            <summary>
            Valida si la linea es prepago
            </summary>
        </member>
        <member name="M:PlanesFamiliares.Bussiness.Helper.Services.ValidaLineaPrepagoFunction.ValidaLineaPrepago(System.String,Microsoft.Extensions.Options.IOptions{Bussiness.Entities.Appsettings.Uris},Microsoft.Extensions.Logging.ILogger)">
            <summary>
            Valida si la linea es prepago
            </summary>
            <param name="primaryTelephoneNumber">Numero de linea a validar</param>
            <param name="uris">Url de consulta al servicio</param>
            <param name="logger">Constante de sesion</param>
            <returns>True si es pospago</returns>
        </member>
        <member name="T:PlanesFamiliares.Bussiness.Helper.Services.ValidarCambioPlanProFunction">
            <summary>
            Valida si se tiene programado un cambio de plan
            </summary>
        </member>
        <member name="M:PlanesFamiliares.Bussiness.Helper.Services.ValidarCambioPlanProFunction.ValidarCambioPlanPro(System.String,Microsoft.Extensions.Options.IOptions{Bussiness.Entities.Appsettings.Uris},Microsoft.Extensions.Logging.ILogger,Microsoft.Extensions.Caching.Memory.IMemoryCache)">
            <summary>
            Valida si se tiene programado un cambio de plan
            </summary>
            <param name="NumeroCelular">Numero de linea a validar</param>
            <param name="uris">Url de consulta al servicio</param>
            <param name="logger">Constante de sesion</param>
            <param name="cache">cache de sesion</param>
            <returns>True si no tinene cambio de producto en curso</returns>
        </member>
        <member name="T:PlanesFamiliares.Bussiness.Helper.Services.ValidaTieneCambioSimFunction">
            <summary>
            Valida si la linea cuenta con un cambio de sim
            </summary>
        </member>
        <member name="M:PlanesFamiliares.Bussiness.Helper.Services.ValidaTieneCambioSimFunction.ValidaTieneCambioSim(System.String,Microsoft.Extensions.Options.IOptions{Bussiness.Entities.Appsettings.Uris},Microsoft.Extensions.Logging.ILogger,Microsoft.Extensions.Caching.Memory.IMemoryCache)">
            <summary>
            Valida si la linea cuenta con un cambio de sim
            </summary>
            <param name="NumeroCelular">Numero de linea </param>
            <param name="uris">Url de consulta de servicio</param>
            <param name="logger">Contante de ejecucucion</param>
            <param name="cache">variables cargadas en cache</param>
            <returns>False si no cumple con la antiguedad</returns>
        </member>
        <member name="T:PlanesFamiliares.Bussiness.Helper.Services.ValidaTieneCambioTitularidadFunction">
            <summary>
            Valida si la linea cuenta con un cambio de titularidad
            </summary>
        </member>
        <member name="M:PlanesFamiliares.Bussiness.Helper.Services.ValidaTieneCambioTitularidadFunction.ValidaTieneCambioTitularidad(System.String,Microsoft.Extensions.Options.IOptions{Bussiness.Entities.Appsettings.Uris},Microsoft.Extensions.Logging.ILogger,Microsoft.Extensions.Caching.Memory.IMemoryCache)">
            <summary>
            Valida si la linea cuenta con un cambio de titularidad
            </summary>
            <param name="NumeroCelular">Numero de linea </param>
            <param name="uris">Url de consulta de servicio</param>
            <param name="logger">Contante de ejecucucion</param>
            <param name="cache">variables cargadas en cache</param>
            <returns>False si no cumple con la antiguedad</returns>
        </member>
        <member name="T:PlanesFamiliares.Bussiness.Helper.Services.ValidaUsuarioAAAFunction">
            <summary>
            Valida si el usuario es AAA
            </summary>
        </member>
        <member name="M:PlanesFamiliares.Bussiness.Helper.Services.ValidaUsuarioAAAFunction.ValidaUsuarioAAA(System.String,Microsoft.Extensions.Options.IOptions{Bussiness.Entities.Appsettings.Uris},Microsoft.Extensions.Logging.ILogger,Microsoft.Extensions.Caching.Memory.IMemoryCache)">
            <summary>
            Valida si el usuario es AAA
            </summary>
            <param name="primaryTelephoneNumber">Numero de linea</param>
            <param name="uris">Url de consulta de servicio</param>
            <param name="logger">Contante de ejecucucion</param>
            <param name="cache">variables cargadas en cache</param>
            <returns>True si esta en estado AAA</returns>
        </member>
        <member name="T:PlanesFamiliares.Bussiness.Helper.DemoBussinessFunction">
            <summary>
            Demostración de consumo de un servicio en PlanesFmiliares.Services
            </summary>
        </member>
        <member name="M:PlanesFamiliares.Bussiness.Helper.DemoBussinessFunction.DemoBussiness(System.String,System.String,System.String,Microsoft.Extensions.Options.IOptions{Bussiness.Entities.Appsettings.Uris},Microsoft.Extensions.Options.IOptions{Bussiness.Entities.Appsettings.Constantes},Microsoft.Extensions.Logging.ILogger)">
            <summary>
            
            </summary>
            <param name="NumeroCelular"></param>
            <param name="orderTypeParam"></param>
            <param name="statusBussinesParam"></param>
            <param name="uris"></param>
            <param name="constantes"></param>
            <param name="logger"></param>
            <returns></returns>
        </member>
        <member name="T:PlanesFamiliares.Bussiness.Helper.DireccionarIngresoFunction">
            <summary>
            Determinar el direccionamiento de la aplicación al iniciar
            </summary>
        </member>
        <member name="M:PlanesFamiliares.Bussiness.Helper.DireccionarIngresoFunction.DireccionarIngreso(System.String,Microsoft.Extensions.Options.IOptions{Bussiness.Entities.Appsettings.Uris},Microsoft.Extensions.Logging.ILogger,Microsoft.Extensions.Caching.Memory.IMemoryCache)">
            <summary>
            Determinar el direccionamiento de la aplicación al iniciar
            </summary>
            <returns></returns>
        </member>
        <member name="T:PlanesFamiliares.Bussiness.Helper.GenerarCodigoVerificacionFunction">
            <summary>
            Genera un código aleatorio para realizar una posterior verificación
            </summary>
        </member>
        <member name="M:PlanesFamiliares.Bussiness.Helper.GenerarCodigoVerificacionFunction.GenerarCodigoVerificacion(System.String,Microsoft.Extensions.Caching.Memory.IMemoryCache,Microsoft.Extensions.Options.IOptions{Bussiness.Entities.Appsettings.Uris},Microsoft.Extensions.Logging.ILogger)">
            <summary>
            Genera un código aleatorio para realizar una posterior verificación
            </summary>
            <param name="sesion"></param>
            <param name="cache"></param>
            <param name="uris"></param>
            <param name="logger"></param>
            <returns></returns>
        </member>
        <member name="T:PlanesFamiliares.Bussiness.Helper.GenerarListaMensajesFunction">
            <summary>
            Genera lista de mensajes para dividir uno muy extenso
            </summary>
        </member>
        <member name="M:PlanesFamiliares.Bussiness.Helper.GenerarListaMensajesFunction.GenerarListaMensajes(System.String,Microsoft.Extensions.Logging.ILogger)">
            <summary>
            Genera lista de mensajes para dividir uno muy extenso
            </summary>
            <param name="mensaje"></param>
            <param name="logger"></param>
            <returns></returns>
        </member>
        <member name="T:PlanesFamiliares.Bussiness.Helper.GenerarLlaveSesionFunction">
            <summary>
            Genera una llave para manejar la sesion del usuario
            </summary>
        </member>
        <member name="M:PlanesFamiliares.Bussiness.Helper.GenerarLlaveSesionFunction.GenerarLlaveSesion(Microsoft.Extensions.Logging.ILogger)">
            <summary>
            Genera una llave para manejar la sesion del usuario
            </summary>
            <returns></returns>
        </member>
        <member name="T:PlanesFamiliares.Bussiness.Helper.GenerarMensajeTextoFunction">
            <summary>
            Da formato a los mensajes para ser enviados
            </summary>
        </member>
        <member name="M:PlanesFamiliares.Bussiness.Helper.GenerarMensajeTextoFunction.GenerarMensajeTexto(System.String,PlanesFamiliares.Helper.Enumeraciones.TiposSMS,System.String[],Microsoft.Extensions.Options.IOptions{Bussiness.Entities.Appsettings.Uris},Microsoft.Extensions.Logging.ILogger)">
            <summary>
            Da formato a los mensajes para ser enviados
            </summary>
        </member>
        <member name="T:PlanesFamiliares.Bussiness.Helper.GenerarMensajeUIFunction">
            <summary>
            Genera mensajes que se mostraran en pantalla
            </summary>
        </member>
        <member name="M:PlanesFamiliares.Bussiness.Helper.GenerarMensajeUIFunction.GenerarMensajeUI(System.String,PlanesFamiliares.Helper.Enumeraciones.TipoMensaje,Microsoft.Extensions.Options.IOptions{Bussiness.Entities.Appsettings.Uris},Microsoft.Extensions.Logging.ILogger,System.String,System.String[])">
            <summary>
            Genera mensajes que se mostraran en pantalla
            </summary>
            <param name="idMensaje"></param>
            <param name="tipoMensaje"></param>
            <param name="uris"></param>
            <param name="logger"></param>
            <param name="adicionalesMensajesUI"></param>
            <param name="adicionalesMensajesPersonalizado"></param>
            <returns></returns>
        </member>
        <member name="T:PlanesFamiliares.Bussiness.Helper.GuardarCacheErrorFunction">
            <summary>
            Guardar la información en cache para que se muestre en pantalla
            </summary>
        </member>
        <member name="M:PlanesFamiliares.Bussiness.Helper.GuardarCacheErrorFunction.GuardarCacheError(System.String,PlanesFamiliares.Helper.Enumeraciones.MensajesUsuario,PlanesFamiliares.Helper.Enumeraciones.MensajesUsuario,Microsoft.Extensions.Options.IOptions{Bussiness.Entities.Appsettings.Uris},Microsoft.Extensions.Logging.ILogger,Microsoft.Extensions.Caching.Memory.IMemoryCache,System.String)">
            <summary>
            Guardar la información en cache para que se muestre en pantalla
            </summary>
            <param name="sesion"></param>
            <param name="MensajeTitulo"></param>
            <param name="MensajeSubTitulo"></param>
            <param name="uris"></param>
            <param name="logger"></param>
            <param name="cache"></param>
            <param name="Origen"></param>
        </member>
        <member name="M:PlanesFamiliares.Bussiness.Helper.GuardarCacheErrorFunction.GuardarCacheError(System.String,PlanesFamiliares.Helper.Enumeraciones.MensajesUsuario,System.String[],PlanesFamiliares.Helper.Enumeraciones.MensajesUsuario,System.String[],Microsoft.Extensions.Options.IOptions{Bussiness.Entities.Appsettings.Uris},Microsoft.Extensions.Logging.ILogger,Microsoft.Extensions.Caching.Memory.IMemoryCache,System.String)">
            <summary>
            Sobrecarga de GuardarCacheError con adicionales, no enviar Adicionales con '/' porque no la reconoce, Ejm: 2019/08/05
            Al consumir el servicio del DataModel el reconoce ese adicionar con varios parametros
            </summary>
            <param name="sesion"></param>
            <param name="MensajeTitulo"></param>
            <param name="AdicionalesTitulo"></param>
            <param name="MensajeSubTitulo"></param>
            <param name="AdicionalesSubtitulo"></param>
            <param name="uris"></param>
            <param name="logger"></param>
            <param name="cache"></param>
            <param name="Origen"></param>
        </member>
        <member name="T:PlanesFamiliares.Bussiness.Helper.GuardarMensajesPantallaExitoFunction">
            <summary>
            Guarda en cache los mensajes de texto para las pantallas de exito al agregar comunidad y al agregar integrante
            </summary>
        </member>
        <member name="M:PlanesFamiliares.Bussiness.Helper.GuardarMensajesPantallaExitoFunction.GuardarMensajesPantallaExito(System.String,System.Boolean,Microsoft.Extensions.Options.IOptions{Bussiness.Entities.Appsettings.Uris},Microsoft.Extensions.Logging.ILogger,Microsoft.Extensions.Caching.Memory.IMemoryCache)">
            <summary>
            Guarda en cache los mensajes de texto para las pantallas de exito al agregar comunidad y al agregar integrante
            </summary>
            <param name="sesion"></param>
            <param name="EsPadre"></param>
            <param name="uris"></param>
            <param name="logger"></param>
            <param name="cache"></param>
            <returns></returns>
        </member>
        <member name="T:PlanesFamiliares.Bussiness.Helper.ObtenerParametrosDesofuscadosFunction">
            <summary>
            Desofusca los parametros de entrada
            </summary>
        </member>
        <member name="M:PlanesFamiliares.Bussiness.Helper.ObtenerParametrosDesofuscadosFunction.ObtenerParametrosDesofuscados(System.String,Microsoft.Extensions.Caching.Memory.IMemoryCache,Microsoft.Extensions.Logging.ILogger,Microsoft.Extensions.Options.IOptions{Bussiness.Entities.Appsettings.Uris})">
            <summary>
            Desofusca los parametros de entrada
            </summary>
            <param name="data"></param>
            <param name="cache"></param>
            <param name="logger"></param>
            <param name="uris"></param>
            <returns></returns>
        </member>
        <member name="T:PlanesFamiliares.Bussiness.Helper.portedLineValidationCore">
            <summary>
            Nucleo de validaciones para lineas portadas
            </summary>
        </member>
        <member name="M:PlanesFamiliares.Bussiness.Helper.portedLineValidationCore.ejecutarValidacionPortado(System.String,System.String,Microsoft.Extensions.Options.IOptions{Bussiness.Entities.Appsettings.Uris},Microsoft.Extensions.Logging.ILogger,Microsoft.Extensions.Caching.Memory.IMemoryCache)">
            <summary>
            Nucleo de validaciones para lineas portadas
            </summary>
            <param name="NumeroCelular">Numero de linea a validar</param>
            <param name="sesion">token de sesion</param>
            <param name="uris">Constante de conexion a servicios</param>
            <param name="logger">constante de aplicacion</param>
            <param name="cache">cache de la sesion</param>
            <returns>True si cumple con todas las validaciones</returns>
        </member>
        <member name="T:PlanesFamiliares.Bussiness.Helper.PostpaidLineValidationCore">
            <summary>
            Nucleo de validaciones para lineas pospago
            </summary>
        </member>
        <member name="M:PlanesFamiliares.Bussiness.Helper.PostpaidLineValidationCore.ejecutarValidacionPospago(System.String,System.String,Microsoft.Extensions.Options.IOptions{Bussiness.Entities.Appsettings.Uris},Microsoft.Extensions.Logging.ILogger,Microsoft.Extensions.Caching.Memory.IMemoryCache)">
            <summary>
            Ejecutar core de validaciones para una linea pospago
            </summary>
            <param name="NumeroCelular">Numero de linea</param>
            <param name="sesion">Token de sesion</param>
            <param name="uris">Constante de conexion a servicios</param>
            <param name="logger">Constante de aplicacion</param>
            <param name="cache">Cache de la aplicacion</param>
            <returns>True si la linea cumple con las validaciones</returns>
        </member>
        <member name="T:PlanesFamiliares.Bussiness.Helper.PrepaidLineValidationCore">
            <summary>
            Nucleo de validaciones para lineas prepago
            </summary>
        </member>
        <member name="M:PlanesFamiliares.Bussiness.Helper.PrepaidLineValidationCore.ejecutarValidacionPrepago(System.String,System.String,Microsoft.Extensions.Options.IOptions{Bussiness.Entities.Appsettings.Uris},Microsoft.Extensions.Logging.ILogger,Microsoft.Extensions.Caching.Memory.IMemoryCache)">
            <summary>
            Nucleo de validaciones para lineas prepago
            </summary>
            <param name="NumeroCelular">Numero de linea a validar</param>
            <param name="sesion">token de sesion</param>
            <param name="uris">Constante de conexion a servicios</param>
            <param name="logger">constante de aplicacion</param>
            <param name="cache">cache de la sesion</param>
            <returns>True si cumple con todas las validaciones</returns>
        </member>
        <member name="T:PlanesFamiliares.Bussiness.Helper.ResumenComunidadFunction">
            <summary>
            Retorna el resumen de la comunidad
            </summary>
        </member>
        <member name="M:PlanesFamiliares.Bussiness.Helper.ResumenComunidadFunction.ResumenComunidad(System.String,Microsoft.Extensions.Options.IOptions{Bussiness.Entities.Appsettings.Uris},Microsoft.Extensions.Logging.ILogger,Microsoft.Extensions.Caching.Memory.IMemoryCache)">
            <summary>
            Retorna el resumen de la comunidad
            </summary>
            <param name="sesion"></param>
            <param name="uris"></param>
            <param name="logger"></param>
            <param name="cache"></param>
            <returns></returns>
        </member>
        <member name="T:PlanesFamiliares.Bussiness.Helper.ValidacionesInicialesFunction">
            <summary>
            Validaciones que se realizan despues de desofucar el parámetro de entrada y antes de iniciar el flujo.
            </summary>
        </member>
        <member name="M:PlanesFamiliares.Bussiness.Helper.ValidacionesInicialesFunction.ValidacionesIniciales(System.String,Microsoft.Extensions.Options.IOptions{Bussiness.Entities.Appsettings.Uris},Microsoft.Extensions.Logging.ILogger,Microsoft.Extensions.Caching.Memory.IMemoryCache)">
            <summary>
            Validaciones que se realizan despues de desofucar el parámetro de entrada y antes de iniciar el flujo.
            </summary>
            <param name="sesion"></param>
            <param name="uris"></param>
            <param name="logger"></param>
            <param name="cache"></param>
        </member>
        <member name="T:PlanesFamiliares.Bussiness.Helper.ValidacionesIntegrantesComunidadFunction">
            <summary>
            Realiza las validaciones correspondientes a una línea
            </summary>
        </member>
        <member name="M:PlanesFamiliares.Bussiness.Helper.ValidacionesIntegrantesComunidadFunction.ValidacionesIntegrantesComunidad(System.String,Microsoft.Extensions.Options.IOptions{Bussiness.Entities.Appsettings.Uris},Microsoft.Extensions.Logging.ILogger,Microsoft.Extensions.Caching.Memory.IMemoryCache)">
            <summary>
            Realiza las validaciones correspondientes a una línea
            </summary>
            <param name="sesion"></param>
            <param name="uris"></param>
            <param name="logger"></param>
            <param name="cache"></param>
            <returns></returns>
        </member>
        <member name="T:PlanesFamiliares.Bussiness.Helper.ValidarCodigoVerificacionFunction">
            <summary>
            Se realiza la validación del código de verificación
            </summary>
        </member>
        <member name="M:PlanesFamiliares.Bussiness.Helper.ValidarCodigoVerificacionFunction.ValidarCodigoVerificacion(System.String,System.String,Microsoft.Extensions.Options.IOptions{Bussiness.Entities.Appsettings.Uris},Microsoft.Extensions.Logging.ILogger,Microsoft.Extensions.Caching.Memory.IMemoryCache)">
            <summary>
            Se realiza la validación del código de verificación
            </summary>
            <param name="sesion"></param>
            <param name="Codigo"></param>
            <param name="NombreLinea"></param>
            <param name="uris"></param>
            <param name="logger"></param>
            <param name="cache"></param>
            <returns></returns>
        </member>
    </members>
</doc>
